"id", "text", "user_screen_name", "username", "date", "retweets", "likes", "replies"
"1090105350387388416", "voc√™s j√° sentiram falta de si mesmo, da sua pr√≥pria energia???????? tipo, caraca o que aconteceu comigo???? eu era uma pessoa totalmente diferente", "yasmintls", "yasminzinha", "1548736343000", "55205", "82434", "280"
"1090342822107070464", "calouros e calouras, 
n√£o deem ouvidos pra quem vem falar que universidade vai desgra√ßar tua vida

cerque-se de pessoas do bem 
cuide da sua saude mental
estudem e pesquisem 
curso t√° um cu? mobilidade academica

defendam a universidade publica
e
pau no cu da "elite intelectual"", "iamsoffab", "fabr√≠cio üíî", "1548792961000", "237", "674", "4"
"1090370813855969280", "Na
Cara
SIMpic.twitter.com/XD1WnvXMID", "gugaoshow", "Gusüå±", "1548799634000", "563", "1567", "8"
"1089945461300084737", "primeira gradua√ß√£o √© s√≥ pra auto conhecimento", "arrombida", "Loba", "1548698222000", "6080", "19216", "140"
"1090255383720087554", "Inclusive uma das metas de 2019 √© fazer o meu sogro reatar com ela", "mandy_pond", "infelizmente nada da certo msm", "1548772114000", "0", "0", "0"
"1090255275263700997", "Minha sogra brasileira t√° me ensinando a cozinhar

Ela √© perfeita", "mandy_pond", "infelizmente nada da certo msm", "1548772088000", "0", "0", "0"
"1089334775423356929", "A vontade √© de fazer um estoque de alfajor e vinho e levar de volta pra minha terra mas infelizmente o limite da mala √© 20kg e pra vir pra ca a mala tava pesando 19.90 ent√£o  N√â", "mandy_pond", "infelizmente nada da certo msm", "1548552623000", "0", "1", "1"
"1089168100803727361", "'nao politize a trag√©dia' 

ah bicho sinceramente chega pra l√° desencosta de mim.", "A_Rainha_", "Rainha.", "1548512885000", "1611", "5730", "9"
"1089300424329441281", "parece que o jogo virou n√£o √© mesmopic.twitter.com/QKrFJ6eCuM", "lnrnts", "ELLEN", "1548544434000", "30145", "80591", "669"
"1089105623122366464", "Imagina se a Vale ainda fosse estatal, do povo brasileiro. Os MBL, bolsominions, neoliberais, estariam colocando a culpa do crime de Brumadinho nos servidores p√∫blicos e defendendo a efici√™ncia do setor privado. 
Mas como a Vale j√° foi privatizada, a culpa √© da natureza.", "ReginaldoLopes", "Reginaldo Lopes", "1548497989000", "2289", "6314", "207"
"1089272596103946240", "Eu enxergo apoiadores (inclusive ap√≥s os primeiros 25 dias de mandato) do presidente da rep√∫blica, sem nenhum tipo de arrependimento, nas filas, no trem, no √¥nibus, no shopping, no mercado, no parque, na pra√ßa, na farm√°cia, e, sobretudo, nas redes. Devo estar louco.", "Prof_Viaro", "Viaro", "1548537799000", "219", "1022", "100"
"1089167756921065475", "De 1942 a 1997, enquanto a Vale foi P√öBLICA, nunca houve um acidente ambiental. Ap√≥s a privatiza√ß√£o feita por FHC, que vendeu a Vale pelo pre√ßo de um forno sider√∫rgico europeu, j√° se somam 12 CRIMES AMBIENTAIS, sendo Mariana e Brumadinho s√£o os mais terr√≠veis.", "FernandoHortaOf", "Fernando Horta", "1548512803000", "2731", "6766", "91"
"1087455397231788032", "tired: zoos are awful :-/

wired: i understand there are some zoos that exploit and mistreat their animals, but i also understand the majority of zoos out there are for raising awareness and protecting animals who would of gone extinct in the wild", "puppypetter2000", "-`wen ‚Äô-", "1548104545000", "2294", "6548", "13"
"1088554025677701121", "Os nordestinos n√£o sabem escrever, ler, falar, VOTAR
√â um peso para o Brasil. 

No ENEM
NORDESTE: 14 notas 1000;     Sul: 1", "fafarioss", "F√°tima Rios", "1548366478000", "32470", "83483", "441"
"1088518124884905990", "terry crews d√° voz pra movimentos important√≠ssimos contra masculinidade t√≥xica, pornografia e ass√©dio sexual e "nao t√° fazendo mais que a obriga√ß√£o", quem se supera na milit√¢ncia √© vc, a garota branca que leu uns pdf meia boca e fala que odeia homens no twitter ", "errjullia", "epis√≥dio de hoje: o brasil virou um hosp√≠cio!", "1548357919000", "5398", "16897", "38"
"1088821211264663553", "boa tarde repita comigo

cotista n√£o tira muito menos rouba vaga de ningu√©m pois vaga de cotista eh vaga de cotista e vaga de ampla concorr√™ncia eh vaga de ampla concorr√™ncia", "beIIedejour", "no puedo estoy tristecita", "1548430180000", "3249", "7044", "8"
"1088957162620108800", "A minha maior prova√ß√£o t√° sendo ficar praticamente sem comer pq as coisas que tem me fazem mal feat. N√£o Tem Um Bainheiro de Verdade Nessa Ch√°cara

A prova√ß√£o do meu namorado t√° sendo s√≥ ficar sem cigarro mesmo. O resto ele suporta, mas isso t√° matando o menino", "mandy_pond", "infelizmente nada da certo msm", "1548462594000", "0", "1", "0"
"1088947561111658496", "Parquinhos g√≥ticoshttps://twitter.com/oKlettenberg/status/1088859884731420672¬†‚Ä¶", "mandy_pond", "infelizmente nada da certo msm", "1548460304000", "0", "1", "0"
"1088735577103577088", "Sei l√° bicho, se voc√™ tem a condi√ß√£o financeira de bancar uma faculdade particular, deveria parar com essa fixa√ß√£o doentia pela Federal e deixar a vaga pra quem realmente n√£o tem grana alguma, mas tem vontade de estudar.
(Mas esse √© meu mundinho ut√≥pico)", "oKlettenberg", "Arno K.", "1548409763000", "3", "18", "1"
"1088877689916801026", "SINCERAMENTE √© deus no c√©u e meu sogro na terra sabe

Eu amo um geminiano.", "mandy_pond", "infelizmente nada da certo msm", "1548443646000", "0", "1", "0"
